TRIP_ID,Shipment_ID,TIME_SLOT,MST_DIST,TRIP_TIME,Vehicle_Type
T001_1,3,07:00-09:00,6.59,52.93,3W
T001_1,7,07:00-09:00,6.59,52.93,3W
T002_1,8,07:00-09:00,3.97,39.85,3W
T002_1,19,07:00-09:00,3.97,39.85,3W
T003_1,23,07:00-09:00,10.01,70.04,3W
T003_1,24,07:00-09:00,10.01,70.04,3W
T004_1,25,07:00-09:00,9.75,68.76,3W
T004_1,27,07:00-09:00,9.75,68.76,3W
T005_1,28,07:00-09:00,25.02,135.11,3W
T006_1,31,07:00-09:00,12.41,82.03,3W
T006_1,35,07:00-09:00,12.41,82.03,3W
T007_1,39,07:00-09:00,11.16,75.78,3W
T007_1,43,07:00-09:00,11.16,75.78,3W
T008_1,44,07:00-09:00,5.51,47.53,3W
T008_1,47,07:00-09:00,5.51,47.53,3W
T009_1,49,07:00-09:00,10.16,70.8,3W
T009_1,50,07:00-09:00,10.16,70.8,3W
T010_1,52,07:00-09:00,9.95,79.75,3W
T010_1,54,07:00-09:00,9.95,79.75,3W
T010_1,58,07:00-09:00,9.95,79.75,3W
T011_1,61,07:00-09:00,4.42,42.08,3W
T011_1,71,07:00-09:00,4.42,42.08,3W
T012_1,73,07:00-09:00,19.4,107.0,3W
T013_1,85,07:00-09:00,9.67,68.35,3W
T013_1,86,07:00-09:00,9.67,68.35,3W
T014_1,87,07:00-09:00,13.89,89.46,3W
T014_1,88,07:00-09:00,13.89,89.46,3W
T015_1,90,07:00-09:00,7.21,56.03,3W
T015_1,96,07:00-09:00,7.21,56.03,3W
T016_1,99,07:00-09:00,32.34,171.71,3W
T017_1,105,07:00-09:00,5.24,46.21,3W
T017_1,109,07:00-09:00,5.24,46.21,3W
T018_1,111,07:00-09:00,3.87,39.37,3W
T018_1,112,07:00-09:00,3.87,39.37,3W
T019_1,115,07:00-09:00,8.92,64.61,3W
T019_1,116,07:00-09:00,8.92,64.61,3W
T020_1,118,07:00-09:00,4.67,43.33,3W
T020_1,123,07:00-09:00,4.67,43.33,3W
T021_1,127,07:00-09:00,2.29,31.43,3W
T021_1,128,07:00-09:00,2.29,31.43,3W
T022_1,131,07:00-09:00,1.41,27.07,3W
T022_1,134,07:00-09:00,1.41,27.07,3W
T023_1,136,07:00-09:00,14.84,94.18,3W
T023_1,139,07:00-09:00,14.84,94.18,3W
T024_1,145,07:00-09:00,11.48,77.4,3W
T024_1,147,07:00-09:00,11.48,77.4,3W
T025_1,149,07:00-09:00,11.56,77.78,3W
T025_1,151,07:00-09:00,11.56,77.78,3W
T026_1,152,07:00-09:00,12.23,81.13,3W
T026_1,153,07:00-09:00,12.23,81.13,3W
T027_1,154,07:00-09:00,10.06,70.3,3W
T027_1,158,07:00-09:00,10.06,70.3,3W
T028_1,159,07:00-09:00,14.97,94.86,3W
T028_1,160,07:00-09:00,14.97,94.86,3W
T029_1,162,07:00-09:00,2.18,30.88,3W
T029_1,168,07:00-09:00,2.18,30.88,3W
T030_1,169,07:00-09:00,28.58,152.88,3W
T031_1,180,07:00-09:00,9.24,66.21,3W
T031_1,183,07:00-09:00,9.24,66.21,3W
T032_1,184,07:00-09:00,5.3,46.48,3W
T032_1,185,07:00-09:00,5.3,46.48,3W
T033_1,186,07:00-09:00,1.95,29.75,3W
T033_1,187,07:00-09:00,1.95,29.75,3W
T034_1,188,07:00-09:00,28.88,154.42,3W
T035_1,194,07:00-09:00,0.58,22.92,3W
T035_1,195,07:00-09:00,0.58,22.92,3W
T036_1,196,07:00-09:00,14.56,102.8,3W
T036_1,197,07:00-09:00,14.56,102.8,3W
T036_1,198,07:00-09:00,14.56,102.8,3W
T037_1,201,07:00-09:00,10.38,71.89,3W
T037_1,206,07:00-09:00,10.38,71.89,3W
T038_1,212,07:00-09:00,13.51,87.55,3W
T038_1,213,07:00-09:00,13.51,87.55,3W
T039_1,217,07:00-09:00,29.28,156.39,3W
T040_1,221,07:00-09:00,8.88,64.39,3W
T040_1,223,07:00-09:00,8.88,64.39,3W
T041_1,226,07:00-09:00,10.53,72.67,3W
T041_1,227,07:00-09:00,10.53,72.67,3W
T042_1,236,07:00-09:00,7.09,55.45,3W
T042_1,241,07:00-09:00,7.09,55.45,3W
T043_1,242,07:00-09:00,7.57,57.84,3W
T043_1,245,07:00-09:00,7.57,57.84,3W
T044_1,246,07:00-09:00,2.27,31.37,3W
T044_1,253,07:00-09:00,2.27,31.37,3W
T045_1,255,07:00-09:00,9.7,68.51,3W
T045_1,260,07:00-09:00,9.7,68.51,3W
T046_1,263,07:00-09:00,27.24,146.19,3W
T047_1,271,07:00-09:00,12.11,80.57,3W
T047_1,274,07:00-09:00,12.11,80.57,3W
T048_1,275,07:00-09:00,6.46,52.3,3W
T048_1,279,07:00-09:00,6.46,52.3,3W
T049_1,282,07:00-09:00,8.66,63.28,3W
T049_1,284,07:00-09:00,8.66,63.28,3W
T050_1,285,07:00-09:00,9.35,66.73,3W
T050_1,287,07:00-09:00,9.35,66.73,3W
T051_1,288,07:00-09:00,17.79,128.95,4W-EV
T051_1,293,07:00-09:00,17.79,128.95,4W-EV
T051_1,294,07:00-09:00,17.79,128.95,4W-EV
T051_1,295,07:00-09:00,17.79,128.95,4W-EV
T052_1,296,07:00-09:00,18.06,120.3,4W-EV
T052_1,297,07:00-09:00,18.06,120.3,4W-EV
T052_1,301,07:00-09:00,18.06,120.3,4W-EV
T053_1,302,07:00-09:00,6.0,60.02,4W-EV
T053_1,303,07:00-09:00,6.0,60.02,4W-EV
T053_1,312,07:00-09:00,6.0,60.02,4W-EV
T054_1,313,07:00-09:00,23.33,126.63,4W-EV
T055_1,322,07:00-09:00,11.29,66.43,4W-EV
T056_1,329,07:00-09:00,11.14,65.72,4W-EV
T057_1,345,07:00-09:00,18.74,123.69,4W-EV
T057_1,351,07:00-09:00,18.74,123.69,4W-EV
T057_1,357,07:00-09:00,18.74,123.69,4W-EV
T058_1,358,07:00-09:00,19.95,139.77,4W-EV
T058_1,359,07:00-09:00,19.95,139.77,4W-EV
T058_1,364,07:00-09:00,19.95,139.77,4W-EV
T058_1,367,07:00-09:00,19.95,139.77,4W-EV
T059_1,373,07:00-09:00,12.37,91.84,4W-EV
T059_1,374,07:00-09:00,12.37,91.84,4W-EV
T059_1,380,07:00-09:00,12.37,91.84,4W-EV
T060_1,381,07:00-09:00,25.11,135.57,4W-EV
T061_1,390,07:00-09:00,6.71,63.53,4W-EV
T061_1,392,07:00-09:00,6.71,63.53,4W-EV
T061_1,395,07:00-09:00,6.71,63.53,4W-EV
T062_1,399,07:00-09:00,11.57,87.85,4W-EV
T062_1,403,07:00-09:00,11.57,87.85,4W-EV
T062_1,408,07:00-09:00,11.57,87.85,4W-EV
T063_1,416,07:00-09:00,28.65,153.23,4W-EV
T064_1,434,07:00-09:00,12.38,91.88,4W-EV
T064_1,437,07:00-09:00,12.38,91.88,4W-EV
T064_1,440,07:00-09:00,12.38,91.88,4W-EV
T065_1,448,07:00-09:00,14.18,100.89,4W-EV
T065_1,455,07:00-09:00,14.18,100.89,4W-EV
T065_1,460,07:00-09:00,14.18,100.89,4W-EV
T066_1,461,07:00-09:00,7.64,68.22,4W-EV
T066_1,462,07:00-09:00,7.64,68.22,4W-EV
T066_1,471,07:00-09:00,7.64,68.22,4W-EV
T067_1,475,07:00-09:00,17.34,126.7,4W-EV
T067_1,476,07:00-09:00,17.34,126.7,4W-EV
T067_1,478,07:00-09:00,17.34,126.7,4W-EV
T067_1,481,07:00-09:00,17.34,126.7,4W-EV
T068_1,484,07:00-09:00,12.81,94.07,4W-EV
T068_1,489,07:00-09:00,12.81,94.07,4W-EV
T068_1,490,07:00-09:00,12.81,94.07,4W-EV
T069_1,491,07:00-09:00,11.88,89.38,4W-EV
T069_1,498,07:00-09:00,11.88,89.38,4W-EV
T069_1,500,07:00-09:00,11.88,89.38,4W-EV
T070_1,510,07:00-09:00,14.65,103.25,4W-EV
T070_1,511,07:00-09:00,14.65,103.25,4W-EV
T070_1,513,07:00-09:00,14.65,103.25,4W-EV
T071_1,516,07:00-09:00,11.93,89.63,4W-EV
T071_1,519,07:00-09:00,11.93,89.63,4W-EV
T071_1,520,07:00-09:00,11.93,89.63,4W-EV
T072_1,521,07:00-09:00,18.81,134.04,4W-EV
T072_1,526,07:00-09:00,18.81,134.04,4W-EV
T072_1,527,07:00-09:00,18.81,134.04,4W-EV
T072_1,529,07:00-09:00,18.81,134.04,4W-EV
T073_1,533,07:00-09:00,6.14,60.7,4W-EV
T073_1,534,07:00-09:00,6.14,60.7,4W-EV
T073_1,535,07:00-09:00,6.14,60.7,4W-EV
T074_1,537,07:00-09:00,11.6,87.99,4W-EV
T074_1,538,07:00-09:00,11.6,87.99,4W-EV
T074_1,545,07:00-09:00,11.6,87.99,4W-EV
T075_1,546,07:00-09:00,3.71,48.54,4W-EV
T075_1,549,07:00-09:00,3.71,48.54,4W-EV
T075_1,550,07:00-09:00,3.71,48.54,4W-EV
T076_1,552,07:00-09:00,62.81,444.05,4W
T076_1,553,07:00-09:00,62.81,444.05,4W
T076_1,557,07:00-09:00,62.81,444.05,4W
T076_1,562,07:00-09:00,62.81,444.05,4W
T076_1,563,07:00-09:00,62.81,444.05,4W
T076_1,564,07:00-09:00,62.81,444.05,4W
T076_1,565,07:00-09:00,62.81,444.05,4W
T076_1,569,07:00-09:00,62.81,444.05,4W
T076_1,574,07:00-09:00,62.81,444.05,4W
T076_1,577,07:00-09:00,62.81,444.05,4W
T076_1,579,07:00-09:00,62.81,444.05,4W
T076_1,580,07:00-09:00,62.81,444.05,4W
T076_1,581,07:00-09:00,62.81,444.05,4W
T077_1,584,07:00-09:00,59.83,429.16,4W
T077_1,585,07:00-09:00,59.83,429.16,4W
T077_1,592,07:00-09:00,59.83,429.16,4W
T077_1,596,07:00-09:00,59.83,429.16,4W
T077_1,597,07:00-09:00,59.83,429.16,4W
T077_1,599,07:00-09:00,59.83,429.16,4W
T077_1,607,07:00-09:00,59.83,429.16,4W
T077_1,613,07:00-09:00,59.83,429.16,4W
T077_1,615,07:00-09:00,59.83,429.16,4W
T077_1,621,07:00-09:00,59.83,429.16,4W
T077_1,622,07:00-09:00,59.83,429.16,4W
T077_1,623,07:00-09:00,59.83,429.16,4W
T077_1,625,07:00-09:00,59.83,429.16,4W
T078_1,628,07:00-09:00,52.4,392.02,4W
T078_1,629,07:00-09:00,52.4,392.02,4W
T078_1,630,07:00-09:00,52.4,392.02,4W
T078_1,633,07:00-09:00,52.4,392.02,4W
T078_1,634,07:00-09:00,52.4,392.02,4W
T078_1,637,07:00-09:00,52.4,392.02,4W
T078_1,640,07:00-09:00,52.4,392.02,4W
T078_1,645,07:00-09:00,52.4,392.02,4W
T078_1,647,07:00-09:00,52.4,392.02,4W
T078_1,648,07:00-09:00,52.4,392.02,4W
T078_1,649,07:00-09:00,52.4,392.02,4W
T078_1,652,07:00-09:00,52.4,392.02,4W
T078_1,653,07:00-09:00,52.4,392.02,4W
T079_1,656,07:00-09:00,49.14,375.71,4W
T079_1,660,07:00-09:00,49.14,375.71,4W
T079_1,662,07:00-09:00,49.14,375.71,4W
T079_1,664,07:00-09:00,49.14,375.71,4W
T079_1,670,07:00-09:00,49.14,375.71,4W
T079_1,671,07:00-09:00,49.14,375.71,4W
T079_1,674,07:00-09:00,49.14,375.71,4W
T079_1,675,07:00-09:00,49.14,375.71,4W
T079_1,678,07:00-09:00,49.14,375.71,4W
T079_1,688,07:00-09:00,49.14,375.71,4W
T079_1,689,07:00-09:00,49.14,375.71,4W
T079_1,693,07:00-09:00,49.14,375.71,4W
T079_1,698,07:00-09:00,49.14,375.71,4W
T080_1,703,07:00-09:00,43.05,345.25,4W
T080_1,704,07:00-09:00,43.05,345.25,4W
T080_1,707,07:00-09:00,43.05,345.25,4W
T080_1,708,07:00-09:00,43.05,345.25,4W
T080_1,716,07:00-09:00,43.05,345.25,4W
T080_1,746,07:00-09:00,43.05,345.25,4W
T080_1,749,07:00-09:00,43.05,345.25,4W
T080_1,751,07:00-09:00,43.05,345.25,4W
T080_1,754,07:00-09:00,43.05,345.25,4W
T080_1,757,07:00-09:00,43.05,345.25,4W
T080_1,758,07:00-09:00,43.05,345.25,4W
T080_1,759,07:00-09:00,43.05,345.25,4W
T080_1,760,07:00-09:00,43.05,345.25,4W
T081_1,762,07:00-09:00,43.9,349.49,4W
T081_1,764,07:00-09:00,43.9,349.49,4W
T081_1,765,07:00-09:00,43.9,349.49,4W
T081_1,769,07:00-09:00,43.9,349.49,4W
T081_1,771,07:00-09:00,43.9,349.49,4W
T081_1,779,07:00-09:00,43.9,349.49,4W
T081_1,787,07:00-09:00,43.9,349.49,4W
T081_1,788,07:00-09:00,43.9,349.49,4W
T081_1,789,07:00-09:00,43.9,349.49,4W
T081_1,792,07:00-09:00,43.9,349.49,4W
T081_1,793,07:00-09:00,43.9,349.49,4W
T081_1,799,07:00-09:00,43.9,349.49,4W
T081_1,802,07:00-09:00,43.9,349.49,4W
T082_1,804,07:00-09:00,52.48,392.41,4W
T082_1,811,07:00-09:00,52.48,392.41,4W
T082_1,816,07:00-09:00,52.48,392.41,4W
T082_1,820,07:00-09:00,52.48,392.41,4W
T082_1,824,07:00-09:00,52.48,392.41,4W
T082_1,826,07:00-09:00,52.48,392.41,4W
T082_1,837,07:00-09:00,52.48,392.41,4W
T082_1,840,07:00-09:00,52.48,392.41,4W
T082_1,843,07:00-09:00,52.48,392.41,4W
T082_1,846,07:00-09:00,52.48,392.41,4W
T082_1,847,07:00-09:00,52.48,392.41,4W
T082_1,851,07:00-09:00,52.48,392.41,4W
T082_1,852,07:00-09:00,52.48,392.41,4W
T083_1,853,07:00-09:00,38.92,324.59,4W
T083_1,855,07:00-09:00,38.92,324.59,4W
T083_1,858,07:00-09:00,38.92,324.59,4W
T083_1,865,07:00-09:00,38.92,324.59,4W
T083_1,867,07:00-09:00,38.92,324.59,4W
T083_1,869,07:00-09:00,38.92,324.59,4W
T083_1,871,07:00-09:00,38.92,324.59,4W
T083_1,881,07:00-09:00,38.92,324.59,4W
T083_1,883,07:00-09:00,38.92,324.59,4W
T083_1,885,07:00-09:00,38.92,324.59,4W
T083_1,886,07:00-09:00,38.92,324.59,4W
T083_1,887,07:00-09:00,38.92,324.59,4W
T083_1,892,07:00-09:00,38.92,324.59,4W
T084_1,895,07:00-09:00,45.27,356.36,4W
T084_1,896,07:00-09:00,45.27,356.36,4W
T084_1,897,07:00-09:00,45.27,356.36,4W
T084_1,898,07:00-09:00,45.27,356.36,4W
T084_1,901,07:00-09:00,45.27,356.36,4W
T084_1,905,07:00-09:00,45.27,356.36,4W
T084_1,906,07:00-09:00,45.27,356.36,4W
T084_1,909,07:00-09:00,45.27,356.36,4W
T084_1,915,07:00-09:00,45.27,356.36,4W
T084_1,916,07:00-09:00,45.27,356.36,4W
T084_1,917,07:00-09:00,45.27,356.36,4W
T084_1,922,07:00-09:00,45.27,356.36,4W
T084_1,925,07:00-09:00,45.27,356.36,4W
T085_1,929,07:00-09:00,44.6,353.0,4W
T085_1,931,07:00-09:00,44.6,353.0,4W
T085_1,932,07:00-09:00,44.6,353.0,4W
T085_1,937,07:00-09:00,44.6,353.0,4W
T085_1,941,07:00-09:00,44.6,353.0,4W
T085_1,942,07:00-09:00,44.6,353.0,4W
T085_1,950,07:00-09:00,44.6,353.0,4W
T085_1,953,07:00-09:00,44.6,353.0,4W
T085_1,954,07:00-09:00,44.6,353.0,4W
T085_1,957,07:00-09:00,44.6,353.0,4W
T085_1,959,07:00-09:00,44.6,353.0,4W
T085_1,960,07:00-09:00,44.6,353.0,4W
T085_1,961,07:00-09:00,44.6,353.0,4W
T086_1,962,07:00-09:00,52.67,393.35,4W
T086_1,964,07:00-09:00,52.67,393.35,4W
T086_1,965,07:00-09:00,52.67,393.35,4W
T086_1,967,07:00-09:00,52.67,393.35,4W
T086_1,969,07:00-09:00,52.67,393.35,4W
T086_1,970,07:00-09:00,52.67,393.35,4W
T086_1,972,07:00-09:00,52.67,393.35,4W
T086_1,973,07:00-09:00,52.67,393.35,4W
T086_1,977,07:00-09:00,52.67,393.35,4W
T086_1,982,07:00-09:00,52.67,393.35,4W
T086_1,983,07:00-09:00,52.67,393.35,4W
T086_1,987,07:00-09:00,52.67,393.35,4W
T086_1,989,07:00-09:00,52.67,393.35,4W
T087_1,991,07:00-09:00,50.41,382.04,4W
T087_1,992,07:00-09:00,50.41,382.04,4W
T087_1,993,07:00-09:00,50.41,382.04,4W
T087_1,1000,07:00-09:00,50.41,382.04,4W
T087_1,1003,07:00-09:00,50.41,382.04,4W
T087_1,1004,07:00-09:00,50.41,382.04,4W
T087_1,1005,07:00-09:00,50.41,382.04,4W
T087_1,1006,07:00-09:00,50.41,382.04,4W
T087_1,1007,07:00-09:00,50.41,382.04,4W
T087_1,1010,07:00-09:00,50.41,382.04,4W
T087_1,1013,07:00-09:00,50.41,382.04,4W
T087_1,1014,07:00-09:00,50.41,382.04,4W
T087_1,1018,07:00-09:00,50.41,382.04,4W
T088_1,1019,07:00-09:00,55.18,405.9,4W
T088_1,1020,07:00-09:00,55.18,405.9,4W
T088_1,1025,07:00-09:00,55.18,405.9,4W
T088_1,1026,07:00-09:00,55.18,405.9,4W
T088_1,1027,07:00-09:00,55.18,405.9,4W
T088_1,1031,07:00-09:00,55.18,405.9,4W
T088_1,1032,07:00-09:00,55.18,405.9,4W
T088_1,1036,07:00-09:00,55.18,405.9,4W
T088_1,1037,07:00-09:00,55.18,405.9,4W
T088_1,1040,07:00-09:00,55.18,405.9,4W
T088_1,1043,07:00-09:00,55.18,405.9,4W
T088_1,1045,07:00-09:00,55.18,405.9,4W
T088_1,1046,07:00-09:00,55.18,405.9,4W
T089_1,1051,07:00-09:00,48.98,374.91,4W
T089_1,1054,07:00-09:00,48.98,374.91,4W
T089_1,1058,07:00-09:00,48.98,374.91,4W
T089_1,1059,07:00-09:00,48.98,374.91,4W
T089_1,1060,07:00-09:00,48.98,374.91,4W
T089_1,1062,07:00-09:00,48.98,374.91,4W
T089_1,1063,07:00-09:00,48.98,374.91,4W
T089_1,1066,07:00-09:00,48.98,374.91,4W
T089_1,1070,07:00-09:00,48.98,374.91,4W
T089_1,1072,07:00-09:00,48.98,374.91,4W
T089_1,1075,07:00-09:00,48.98,374.91,4W
T089_1,1083,07:00-09:00,48.98,374.91,4W
T089_1,1084,07:00-09:00,48.98,374.91,4W
T090_1,1086,07:00-09:00,46.22,361.11,4W
T090_1,1089,07:00-09:00,46.22,361.11,4W
T090_1,1090,07:00-09:00,46.22,361.11,4W
T090_1,1093,07:00-09:00,46.22,361.11,4W
T090_1,1094,07:00-09:00,46.22,361.11,4W
T090_1,1097,07:00-09:00,46.22,361.11,4W
T090_1,1107,07:00-09:00,46.22,361.11,4W
T090_1,1110,07:00-09:00,46.22,361.11,4W
T090_1,1112,07:00-09:00,46.22,361.11,4W
T090_1,1113,07:00-09:00,46.22,361.11,4W
T090_1,1118,07:00-09:00,46.22,361.11,4W
T090_1,1120,07:00-09:00,46.22,361.11,4W
T090_1,1122,07:00-09:00,46.22,361.11,4W
T091_1,1123,07:00-09:00,48.21,371.03,4W
T091_1,1129,07:00-09:00,48.21,371.03,4W
T091_1,1130,07:00-09:00,48.21,371.03,4W
T091_1,1137,07:00-09:00,48.21,371.03,4W
T091_1,1138,07:00-09:00,48.21,371.03,4W
T091_1,1142,07:00-09:00,48.21,371.03,4W
T091_1,1144,07:00-09:00,48.21,371.03,4W
T091_1,1147,07:00-09:00,48.21,371.03,4W
T091_1,1150,07:00-09:00,48.21,371.03,4W
T091_1,1151,07:00-09:00,48.21,371.03,4W
T091_1,1152,07:00-09:00,48.21,371.03,4W
T091_1,1153,07:00-09:00,48.21,371.03,4W
T091_1,1155,07:00-09:00,48.21,371.03,4W
T092_1,1158,07:00-09:00,43.61,348.04,4W
T092_1,1161,07:00-09:00,43.61,348.04,4W
T092_1,1166,07:00-09:00,43.61,348.04,4W
T092_1,1168,07:00-09:00,43.61,348.04,4W
T092_1,1169,07:00-09:00,43.61,348.04,4W
T092_1,1170,07:00-09:00,43.61,348.04,4W
T092_1,1174,07:00-09:00,43.61,348.04,4W
T092_1,1179,07:00-09:00,43.61,348.04,4W
T092_1,1182,07:00-09:00,43.61,348.04,4W
T092_1,1184,07:00-09:00,43.61,348.04,4W
T092_1,1185,07:00-09:00,43.61,348.04,4W
T092_1,1186,07:00-09:00,43.61,348.04,4W
T092_1,1187,07:00-09:00,43.61,348.04,4W
T093_1,1188,07:00-09:00,46.68,363.4,4W
T093_1,1192,07:00-09:00,46.68,363.4,4W
T093_1,1200,07:00-09:00,46.68,363.4,4W
T093_1,1201,07:00-09:00,46.68,363.4,4W
T093_1,1204,07:00-09:00,46.68,363.4,4W
T093_1,1205,07:00-09:00,46.68,363.4,4W
T093_1,1211,07:00-09:00,46.68,363.4,4W
T093_1,1215,07:00-09:00,46.68,363.4,4W
T093_1,1217,07:00-09:00,46.68,363.4,4W
T093_1,1221,07:00-09:00,46.68,363.4,4W
T093_1,1222,07:00-09:00,46.68,363.4,4W
T093_1,1223,07:00-09:00,46.68,363.4,4W
T093_1,1226,07:00-09:00,46.68,363.4,4W
T094_1,1227,07:00-09:00,42.73,343.67,4W
T094_1,1228,07:00-09:00,42.73,343.67,4W
T094_1,1230,07:00-09:00,42.73,343.67,4W
T094_1,1233,07:00-09:00,42.73,343.67,4W
T094_1,1238,07:00-09:00,42.73,343.67,4W
T094_1,1242,07:00-09:00,42.73,343.67,4W
T094_1,1247,07:00-09:00,42.73,343.67,4W
T094_1,1250,07:00-09:00,42.73,343.67,4W
T094_1,1255,07:00-09:00,42.73,343.67,4W
T094_1,1259,07:00-09:00,42.73,343.67,4W
T094_1,1261,07:00-09:00,42.73,343.67,4W
T094_1,1263,07:00-09:00,42.73,343.67,4W
T094_1,1264,07:00-09:00,42.73,343.67,4W
T095_1,1,09:00-12:00,44.2,350.99,4W
T095_1,2,09:00-12:00,44.2,350.99,4W
T095_1,5,09:00-12:00,44.2,350.99,4W
T095_1,6,09:00-12:00,44.2,350.99,4W
T095_1,9,09:00-12:00,44.2,350.99,4W
T095_1,10,09:00-12:00,44.2,350.99,4W
T095_1,11,09:00-12:00,44.2,350.99,4W
T095_1,12,09:00-12:00,44.2,350.99,4W
T095_1,13,09:00-12:00,44.2,350.99,4W
T095_1,14,09:00-12:00,44.2,350.99,4W
T095_1,15,09:00-12:00,44.2,350.99,4W
T095_1,16,09:00-12:00,44.2,350.99,4W
T095_1,17,09:00-12:00,44.2,350.99,4W
T096_1,18,09:00-12:00,48.02,370.08,4W
T096_1,21,09:00-12:00,48.02,370.08,4W
T096_1,22,09:00-12:00,48.02,370.08,4W
T096_1,26,09:00-12:00,48.02,370.08,4W
T096_1,30,09:00-12:00,48.02,370.08,4W
T096_1,32,09:00-12:00,48.02,370.08,4W
T096_1,33,09:00-12:00,48.02,370.08,4W
T096_1,34,09:00-12:00,48.02,370.08,4W
T096_1,36,09:00-12:00,48.02,370.08,4W
T096_1,37,09:00-12:00,48.02,370.08,4W
T096_1,38,09:00-12:00,48.02,370.08,4W
T096_1,40,09:00-12:00,48.02,370.08,4W
T096_1,42,09:00-12:00,48.02,370.08,4W
T097_1,45,09:00-12:00,49.55,377.75,4W
T097_1,46,09:00-12:00,49.55,377.75,4W
T097_1,55,09:00-12:00,49.55,377.75,4W
T097_1,56,09:00-12:00,49.55,377.75,4W
T097_1,57,09:00-12:00,49.55,377.75,4W
T097_1,59,09:00-12:00,49.55,377.75,4W
T097_1,60,09:00-12:00,49.55,377.75,4W
T097_1,62,09:00-12:00,49.55,377.75,4W
T097_1,63,09:00-12:00,49.55,377.75,4W
T097_1,64,09:00-12:00,49.55,377.75,4W
T097_1,65,09:00-12:00,49.55,377.75,4W
T097_1,66,09:00-12:00,49.55,377.75,4W
T097_1,67,09:00-12:00,49.55,377.75,4W
T098_1,69,09:00-12:00,50.28,381.4,4W
T098_1,75,09:00-12:00,50.28,381.4,4W
T098_1,76,09:00-12:00,50.28,381.4,4W
T098_1,77,09:00-12:00,50.28,381.4,4W
T098_1,78,09:00-12:00,50.28,381.4,4W
T098_1,79,09:00-12:00,50.28,381.4,4W
T098_1,80,09:00-12:00,50.28,381.4,4W
T098_1,81,09:00-12:00,50.28,381.4,4W
T098_1,82,09:00-12:00,50.28,381.4,4W
T098_1,89,09:00-12:00,50.28,381.4,4W
T098_1,92,09:00-12:00,50.28,381.4,4W
T098_1,93,09:00-12:00,50.28,381.4,4W
T098_1,94,09:00-12:00,50.28,381.4,4W
T099_1,95,09:00-12:00,51.25,386.25,4W
T099_1,98,09:00-12:00,51.25,386.25,4W
T099_1,100,09:00-12:00,51.25,386.25,4W
T099_1,102,09:00-12:00,51.25,386.25,4W
T099_1,103,09:00-12:00,51.25,386.25,4W
T099_1,104,09:00-12:00,51.25,386.25,4W
T099_1,106,09:00-12:00,51.25,386.25,4W
T099_1,108,09:00-12:00,51.25,386.25,4W
T099_1,113,09:00-12:00,51.25,386.25,4W
T099_1,114,09:00-12:00,51.25,386.25,4W
T099_1,117,09:00-12:00,51.25,386.25,4W
T099_1,119,09:00-12:00,51.25,386.25,4W
T099_1,121,09:00-12:00,51.25,386.25,4W
T100_1,122,09:00-12:00,48.89,374.47,4W
T100_1,124,09:00-12:00,48.89,374.47,4W
T100_1,125,09:00-12:00,48.89,374.47,4W
T100_1,126,09:00-12:00,48.89,374.47,4W
T100_1,129,09:00-12:00,48.89,374.47,4W
T100_1,130,09:00-12:00,48.89,374.47,4W
T100_1,132,09:00-12:00,48.89,374.47,4W
T100_1,133,09:00-12:00,48.89,374.47,4W
T100_1,135,09:00-12:00,48.89,374.47,4W
T100_1,137,09:00-12:00,48.89,374.47,4W
T100_1,140,09:00-12:00,48.89,374.47,4W
T100_1,141,09:00-12:00,48.89,374.47,4W
T100_1,142,09:00-12:00,48.89,374.47,4W
T101_1,143,09:00-12:00,41.51,337.55,4W
T101_1,144,09:00-12:00,41.51,337.55,4W
T101_1,146,09:00-12:00,41.51,337.55,4W
T101_1,148,09:00-12:00,41.51,337.55,4W
T101_1,150,09:00-12:00,41.51,337.55,4W
T101_1,155,09:00-12:00,41.51,337.55,4W
T101_1,156,09:00-12:00,41.51,337.55,4W
T101_1,157,09:00-12:00,41.51,337.55,4W
T101_1,163,09:00-12:00,41.51,337.55,4W
T101_1,164,09:00-12:00,41.51,337.55,4W
T101_1,165,09:00-12:00,41.51,337.55,4W
T101_1,166,09:00-12:00,41.51,337.55,4W
T101_1,167,09:00-12:00,41.51,337.55,4W
T102_1,171,09:00-12:00,41.68,338.42,4W
T102_1,172,09:00-12:00,41.68,338.42,4W
T102_1,173,09:00-12:00,41.68,338.42,4W
T102_1,174,09:00-12:00,41.68,338.42,4W
T102_1,175,09:00-12:00,41.68,338.42,4W
T102_1,178,09:00-12:00,41.68,338.42,4W
T102_1,181,09:00-12:00,41.68,338.42,4W
T102_1,182,09:00-12:00,41.68,338.42,4W
T102_1,189,09:00-12:00,41.68,338.42,4W
T102_1,191,09:00-12:00,41.68,338.42,4W
T102_1,192,09:00-12:00,41.68,338.42,4W
T102_1,193,09:00-12:00,41.68,338.42,4W
T102_1,200,09:00-12:00,41.68,338.42,4W
T103_1,202,09:00-12:00,45.18,355.89,4W
T103_1,203,09:00-12:00,45.18,355.89,4W
T103_1,205,09:00-12:00,45.18,355.89,4W
T103_1,208,09:00-12:00,45.18,355.89,4W
T103_1,209,09:00-12:00,45.18,355.89,4W
T103_1,210,09:00-12:00,45.18,355.89,4W
T103_1,211,09:00-12:00,45.18,355.89,4W
T103_1,214,09:00-12:00,45.18,355.89,4W
T103_1,216,09:00-12:00,45.18,355.89,4W
T103_1,218,09:00-12:00,45.18,355.89,4W
T103_1,220,09:00-12:00,45.18,355.89,4W
T103_1,222,09:00-12:00,45.18,355.89,4W
T103_1,224,09:00-12:00,45.18,355.89,4W
T104_1,229,09:00-12:00,51.63,388.17,4W
T104_1,230,09:00-12:00,51.63,388.17,4W
T104_1,231,09:00-12:00,51.63,388.17,4W
T104_1,234,09:00-12:00,51.63,388.17,4W
T104_1,235,09:00-12:00,51.63,388.17,4W
T104_1,238,09:00-12:00,51.63,388.17,4W
T104_1,239,09:00-12:00,51.63,388.17,4W
T104_1,240,09:00-12:00,51.63,388.17,4W
T104_1,243,09:00-12:00,51.63,388.17,4W
T104_1,244,09:00-12:00,51.63,388.17,4W
T104_1,248,09:00-12:00,51.63,388.17,4W
T104_1,249,09:00-12:00,51.63,388.17,4W
T104_1,250,09:00-12:00,51.63,388.17,4W
T105_1,251,09:00-12:00,35.58,307.91,4W
T105_1,252,09:00-12:00,35.58,307.91,4W
T105_1,254,09:00-12:00,35.58,307.91,4W
T105_1,256,09:00-12:00,35.58,307.91,4W
T105_1,257,09:00-12:00,35.58,307.91,4W
T105_1,258,09:00-12:00,35.58,307.91,4W
T105_1,259,09:00-12:00,35.58,307.91,4W
T105_1,261,09:00-12:00,35.58,307.91,4W
T105_1,262,09:00-12:00,35.58,307.91,4W
T105_1,264,09:00-12:00,35.58,307.91,4W
T105_1,266,09:00-12:00,35.58,307.91,4W
T105_1,267,09:00-12:00,35.58,307.91,4W
T105_1,269,09:00-12:00,35.58,307.91,4W
T106_1,272,09:00-12:00,46.3,361.48,4W
T106_1,273,09:00-12:00,46.3,361.48,4W
T106_1,276,09:00-12:00,46.3,361.48,4W
T106_1,277,09:00-12:00,46.3,361.48,4W
T106_1,278,09:00-12:00,46.3,361.48,4W
T106_1,280,09:00-12:00,46.3,361.48,4W
T106_1,281,09:00-12:00,46.3,361.48,4W
T106_1,283,09:00-12:00,46.3,361.48,4W
T106_1,286,09:00-12:00,46.3,361.48,4W
T106_1,289,09:00-12:00,46.3,361.48,4W
T106_1,290,09:00-12:00,46.3,361.48,4W
T106_1,291,09:00-12:00,46.3,361.48,4W
T106_1,298,09:00-12:00,46.3,361.48,4W
T107_1,299,09:00-12:00,41.95,339.73,4W
T107_1,300,09:00-12:00,41.95,339.73,4W
T107_1,304,09:00-12:00,41.95,339.73,4W
T107_1,305,09:00-12:00,41.95,339.73,4W
T107_1,306,09:00-12:00,41.95,339.73,4W
T107_1,307,09:00-12:00,41.95,339.73,4W
T107_1,308,09:00-12:00,41.95,339.73,4W
T107_1,309,09:00-12:00,41.95,339.73,4W
T107_1,310,09:00-12:00,41.95,339.73,4W
T107_1,311,09:00-12:00,41.95,339.73,4W
T107_1,314,09:00-12:00,41.95,339.73,4W
T107_1,315,09:00-12:00,41.95,339.73,4W
T107_1,316,09:00-12:00,41.95,339.73,4W
T108_1,317,09:00-12:00,43.46,347.28,4W
T108_1,321,09:00-12:00,43.46,347.28,4W
T108_1,325,09:00-12:00,43.46,347.28,4W
T108_1,327,09:00-12:00,43.46,347.28,4W
T108_1,328,09:00-12:00,43.46,347.28,4W
T108_1,330,09:00-12:00,43.46,347.28,4W
T108_1,332,09:00-12:00,43.46,347.28,4W
T108_1,335,09:00-12:00,43.46,347.28,4W
T108_1,336,09:00-12:00,43.46,347.28,4W
T108_1,337,09:00-12:00,43.46,347.28,4W
T108_1,338,09:00-12:00,43.46,347.28,4W
T108_1,339,09:00-12:00,43.46,347.28,4W
T108_1,341,09:00-12:00,43.46,347.28,4W
T109_1,342,09:00-12:00,45.49,357.47,4W
T109_1,344,09:00-12:00,45.49,357.47,4W
T109_1,346,09:00-12:00,45.49,357.47,4W
T109_1,347,09:00-12:00,45.49,357.47,4W
T109_1,348,09:00-12:00,45.49,357.47,4W
T109_1,349,09:00-12:00,45.49,357.47,4W
T109_1,350,09:00-12:00,45.49,357.47,4W
T109_1,352,09:00-12:00,45.49,357.47,4W
T109_1,353,09:00-12:00,45.49,357.47,4W
T109_1,354,09:00-12:00,45.49,357.47,4W
T109_1,355,09:00-12:00,45.49,357.47,4W
T109_1,356,09:00-12:00,45.49,357.47,4W
T109_1,360,09:00-12:00,45.49,357.47,4W
T110_1,361,09:00-12:00,44.33,351.65,4W
T110_1,362,09:00-12:00,44.33,351.65,4W
T110_1,363,09:00-12:00,44.33,351.65,4W
T110_1,365,09:00-12:00,44.33,351.65,4W
T110_1,368,09:00-12:00,44.33,351.65,4W
T110_1,369,09:00-12:00,44.33,351.65,4W
T110_1,370,09:00-12:00,44.33,351.65,4W
T110_1,371,09:00-12:00,44.33,351.65,4W
T110_1,372,09:00-12:00,44.33,351.65,4W
T110_1,375,09:00-12:00,44.33,351.65,4W
T110_1,376,09:00-12:00,44.33,351.65,4W
T110_1,377,09:00-12:00,44.33,351.65,4W
T110_1,383,09:00-12:00,44.33,351.65,4W
T111_1,385,09:00-12:00,43.38,346.92,4W
T111_1,386,09:00-12:00,43.38,346.92,4W
T111_1,388,09:00-12:00,43.38,346.92,4W
T111_1,389,09:00-12:00,43.38,346.92,4W
T111_1,391,09:00-12:00,43.38,346.92,4W
T111_1,394,09:00-12:00,43.38,346.92,4W
T111_1,396,09:00-12:00,43.38,346.92,4W
T111_1,397,09:00-12:00,43.38,346.92,4W
T111_1,398,09:00-12:00,43.38,346.92,4W
T111_1,400,09:00-12:00,43.38,346.92,4W
T111_1,402,09:00-12:00,43.38,346.92,4W
T111_1,404,09:00-12:00,43.38,346.92,4W
T111_1,405,09:00-12:00,43.38,346.92,4W
T112_1,407,09:00-12:00,54.92,404.6,4W
T112_1,409,09:00-12:00,54.92,404.6,4W
T112_1,410,09:00-12:00,54.92,404.6,4W
T112_1,413,09:00-12:00,54.92,404.6,4W
T112_1,414,09:00-12:00,54.92,404.6,4W
T112_1,415,09:00-12:00,54.92,404.6,4W
T112_1,417,09:00-12:00,54.92,404.6,4W
T112_1,418,09:00-12:00,54.92,404.6,4W
T112_1,421,09:00-12:00,54.92,404.6,4W
T112_1,422,09:00-12:00,54.92,404.6,4W
T112_1,423,09:00-12:00,54.92,404.6,4W
T112_1,426,09:00-12:00,54.92,404.6,4W
T112_1,427,09:00-12:00,54.92,404.6,4W
T113_1,429,09:00-12:00,50.28,381.4,4W
T113_1,431,09:00-12:00,50.28,381.4,4W
T113_1,432,09:00-12:00,50.28,381.4,4W
T113_1,435,09:00-12:00,50.28,381.4,4W
T113_1,436,09:00-12:00,50.28,381.4,4W
T113_1,438,09:00-12:00,50.28,381.4,4W
T113_1,439,09:00-12:00,50.28,381.4,4W
T113_1,441,09:00-12:00,50.28,381.4,4W
T113_1,442,09:00-12:00,50.28,381.4,4W
T113_1,443,09:00-12:00,50.28,381.4,4W
T113_1,445,09:00-12:00,50.28,381.4,4W
T113_1,447,09:00-12:00,50.28,381.4,4W
T113_1,449,09:00-12:00,50.28,381.4,4W
T114_1,450,09:00-12:00,47.52,367.58,4W
T114_1,451,09:00-12:00,47.52,367.58,4W
T114_1,452,09:00-12:00,47.52,367.58,4W
T114_1,453,09:00-12:00,47.52,367.58,4W
T114_1,454,09:00-12:00,47.52,367.58,4W
T114_1,456,09:00-12:00,47.52,367.58,4W
T114_1,458,09:00-12:00,47.52,367.58,4W
T114_1,459,09:00-12:00,47.52,367.58,4W
T114_1,463,09:00-12:00,47.52,367.58,4W
T114_1,464,09:00-12:00,47.52,367.58,4W
T114_1,465,09:00-12:00,47.52,367.58,4W
T114_1,466,09:00-12:00,47.52,367.58,4W
T114_1,467,09:00-12:00,47.52,367.58,4W
T115_1,468,09:00-12:00,51.29,386.46,4W
T115_1,469,09:00-12:00,51.29,386.46,4W
T115_1,470,09:00-12:00,51.29,386.46,4W
T115_1,473,09:00-12:00,51.29,386.46,4W
T115_1,474,09:00-12:00,51.29,386.46,4W
T115_1,477,09:00-12:00,51.29,386.46,4W
T115_1,479,09:00-12:00,51.29,386.46,4W
T115_1,480,09:00-12:00,51.29,386.46,4W
T115_1,482,09:00-12:00,51.29,386.46,4W
T115_1,483,09:00-12:00,51.29,386.46,4W
T115_1,485,09:00-12:00,51.29,386.46,4W
T115_1,486,09:00-12:00,51.29,386.46,4W
T115_1,487,09:00-12:00,51.29,386.46,4W
T116_1,488,09:00-12:00,50.29,381.45,4W
T116_1,492,09:00-12:00,50.29,381.45,4W
T116_1,493,09:00-12:00,50.29,381.45,4W
T116_1,494,09:00-12:00,50.29,381.45,4W
T116_1,496,09:00-12:00,50.29,381.45,4W
T116_1,497,09:00-12:00,50.29,381.45,4W
T116_1,501,09:00-12:00,50.29,381.45,4W
T116_1,502,09:00-12:00,50.29,381.45,4W
T116_1,503,09:00-12:00,50.29,381.45,4W
T116_1,504,09:00-12:00,50.29,381.45,4W
T116_1,505,09:00-12:00,50.29,381.45,4W
T116_1,506,09:00-12:00,50.29,381.45,4W
T116_1,509,09:00-12:00,50.29,381.45,4W
T117_1,512,09:00-12:00,50.86,384.32,4W
T117_1,514,09:00-12:00,50.86,384.32,4W
T117_1,515,09:00-12:00,50.86,384.32,4W
T117_1,517,09:00-12:00,50.86,384.32,4W
T117_1,518,09:00-12:00,50.86,384.32,4W
T117_1,522,09:00-12:00,50.86,384.32,4W
T117_1,523,09:00-12:00,50.86,384.32,4W
T117_1,524,09:00-12:00,50.86,384.32,4W
T117_1,525,09:00-12:00,50.86,384.32,4W
T117_1,532,09:00-12:00,50.86,384.32,4W
T117_1,536,09:00-12:00,50.86,384.32,4W
T117_1,539,09:00-12:00,50.86,384.32,4W
T117_1,540,09:00-12:00,50.86,384.32,4W
T118_1,541,09:00-12:00,41.58,337.9,4W
T118_1,542,09:00-12:00,41.58,337.9,4W
T118_1,543,09:00-12:00,41.58,337.9,4W
T118_1,544,09:00-12:00,41.58,337.9,4W
T118_1,547,09:00-12:00,41.58,337.9,4W
T118_1,548,09:00-12:00,41.58,337.9,4W
T118_1,551,09:00-12:00,41.58,337.9,4W
T118_1,554,09:00-12:00,41.58,337.9,4W
T118_1,555,09:00-12:00,41.58,337.9,4W
T118_1,558,09:00-12:00,41.58,337.9,4W
T118_1,559,09:00-12:00,41.58,337.9,4W
T118_1,561,09:00-12:00,41.58,337.9,4W
T118_1,567,09:00-12:00,41.58,337.9,4W
T119_1,568,09:00-12:00,40.24,331.18,4W
T119_1,572,09:00-12:00,40.24,331.18,4W
T119_1,575,09:00-12:00,40.24,331.18,4W
T119_1,576,09:00-12:00,40.24,331.18,4W
T119_1,578,09:00-12:00,40.24,331.18,4W
T119_1,582,09:00-12:00,40.24,331.18,4W
T119_1,586,09:00-12:00,40.24,331.18,4W
T119_1,587,09:00-12:00,40.24,331.18,4W
T119_1,588,09:00-12:00,40.24,331.18,4W
T119_1,589,09:00-12:00,40.24,331.18,4W
T119_1,591,09:00-12:00,40.24,331.18,4W
T119_1,593,09:00-12:00,40.24,331.18,4W
T119_1,594,09:00-12:00,40.24,331.18,4W
T120_1,595,09:00-12:00,42.32,341.62,4W
T120_1,598,09:00-12:00,42.32,341.62,4W
T120_1,600,09:00-12:00,42.32,341.62,4W
T120_1,601,09:00-12:00,42.32,341.62,4W
T120_1,602,09:00-12:00,42.32,341.62,4W
T120_1,605,09:00-12:00,42.32,341.62,4W
T120_1,606,09:00-12:00,42.32,341.62,4W
T120_1,608,09:00-12:00,42.32,341.62,4W
T120_1,609,09:00-12:00,42.32,341.62,4W
T120_1,610,09:00-12:00,42.32,341.62,4W
T120_1,611,09:00-12:00,42.32,341.62,4W
T120_1,612,09:00-12:00,42.32,341.62,4W
T120_1,614,09:00-12:00,42.32,341.62,4W
T121_1,616,09:00-12:00,48.28,371.38,4W
T121_1,617,09:00-12:00,48.28,371.38,4W
T121_1,618,09:00-12:00,48.28,371.38,4W
T121_1,620,09:00-12:00,48.28,371.38,4W
T121_1,624,09:00-12:00,48.28,371.38,4W
T121_1,631,09:00-12:00,48.28,371.38,4W
T121_1,632,09:00-12:00,48.28,371.38,4W
T121_1,635,09:00-12:00,48.28,371.38,4W
T121_1,636,09:00-12:00,48.28,371.38,4W
T121_1,638,09:00-12:00,48.28,371.38,4W
T121_1,639,09:00-12:00,48.28,371.38,4W
T121_1,641,09:00-12:00,48.28,371.38,4W
T121_1,642,09:00-12:00,48.28,371.38,4W
T122_1,643,09:00-12:00,36.75,313.73,4W
T122_1,650,09:00-12:00,36.75,313.73,4W
T122_1,651,09:00-12:00,36.75,313.73,4W
T122_1,654,09:00-12:00,36.75,313.73,4W
T122_1,657,09:00-12:00,36.75,313.73,4W
T122_1,658,09:00-12:00,36.75,313.73,4W
T122_1,659,09:00-12:00,36.75,313.73,4W
T122_1,661,09:00-12:00,36.75,313.73,4W
T122_1,663,09:00-12:00,36.75,313.73,4W
T122_1,665,09:00-12:00,36.75,313.73,4W
T122_1,666,09:00-12:00,36.75,313.73,4W
T122_1,667,09:00-12:00,36.75,313.73,4W
T122_1,668,09:00-12:00,36.75,313.73,4W
T123_1,669,09:00-12:00,42.06,340.29,4W
T123_1,673,09:00-12:00,42.06,340.29,4W
T123_1,676,09:00-12:00,42.06,340.29,4W
T123_1,677,09:00-12:00,42.06,340.29,4W
T123_1,679,09:00-12:00,42.06,340.29,4W
T123_1,680,09:00-12:00,42.06,340.29,4W
T123_1,682,09:00-12:00,42.06,340.29,4W
T123_1,683,09:00-12:00,42.06,340.29,4W
T123_1,685,09:00-12:00,42.06,340.29,4W
T123_1,686,09:00-12:00,42.06,340.29,4W
T123_1,687,09:00-12:00,42.06,340.29,4W
T123_1,691,09:00-12:00,42.06,340.29,4W
T123_1,692,09:00-12:00,42.06,340.29,4W
T124_1,694,09:00-12:00,44.02,350.08,4W
T124_1,695,09:00-12:00,44.02,350.08,4W
T124_1,696,09:00-12:00,44.02,350.08,4W
T124_1,697,09:00-12:00,44.02,350.08,4W
T124_1,699,09:00-12:00,44.02,350.08,4W
T124_1,700,09:00-12:00,44.02,350.08,4W
T124_1,701,09:00-12:00,44.02,350.08,4W
T124_1,702,09:00-12:00,44.02,350.08,4W
T124_1,706,09:00-12:00,44.02,350.08,4W
T124_1,709,09:00-12:00,44.02,350.08,4W
T124_1,710,09:00-12:00,44.02,350.08,4W
T124_1,711,09:00-12:00,44.02,350.08,4W
T124_1,712,09:00-12:00,44.02,350.08,4W
T125_1,713,09:00-12:00,46.84,364.21,4W
T125_1,714,09:00-12:00,46.84,364.21,4W
T125_1,715,09:00-12:00,46.84,364.21,4W
T125_1,717,09:00-12:00,46.84,364.21,4W
T125_1,718,09:00-12:00,46.84,364.21,4W
T125_1,719,09:00-12:00,46.84,364.21,4W
T125_1,720,09:00-12:00,46.84,364.21,4W
T125_1,721,09:00-12:00,46.84,364.21,4W
T125_1,722,09:00-12:00,46.84,364.21,4W
T125_1,723,09:00-12:00,46.84,364.21,4W
T125_1,725,09:00-12:00,46.84,364.21,4W
T125_1,726,09:00-12:00,46.84,364.21,4W
T125_1,727,09:00-12:00,46.84,364.21,4W
T126_1,728,09:00-12:00,39.06,325.31,4W
T126_1,731,09:00-12:00,39.06,325.31,4W
T126_1,732,09:00-12:00,39.06,325.31,4W
T126_1,733,09:00-12:00,39.06,325.31,4W
T126_1,734,09:00-12:00,39.06,325.31,4W
T126_1,735,09:00-12:00,39.06,325.31,4W
T126_1,736,09:00-12:00,39.06,325.31,4W
T126_1,737,09:00-12:00,39.06,325.31,4W
T126_1,739,09:00-12:00,39.06,325.31,4W
T126_1,740,09:00-12:00,39.06,325.31,4W
T126_1,741,09:00-12:00,39.06,325.31,4W
T126_1,742,09:00-12:00,39.06,325.31,4W
T126_1,743,09:00-12:00,39.06,325.31,4W
T127_1,744,09:00-12:00,50.22,381.1,4W
T127_1,745,09:00-12:00,50.22,381.1,4W
T127_1,748,09:00-12:00,50.22,381.1,4W
T127_1,750,09:00-12:00,50.22,381.1,4W
T127_1,752,09:00-12:00,50.22,381.1,4W
T127_1,755,09:00-12:00,50.22,381.1,4W
T127_1,756,09:00-12:00,50.22,381.1,4W
T127_1,761,09:00-12:00,50.22,381.1,4W
T127_1,763,09:00-12:00,50.22,381.1,4W
T127_1,766,09:00-12:00,50.22,381.1,4W
T127_1,767,09:00-12:00,50.22,381.1,4W
T127_1,768,09:00-12:00,50.22,381.1,4W
T127_1,770,09:00-12:00,50.22,381.1,4W
T128_1,772,09:00-12:00,53.09,395.43,4W
T128_1,773,09:00-12:00,53.09,395.43,4W
T128_1,774,09:00-12:00,53.09,395.43,4W
T128_1,775,09:00-12:00,53.09,395.43,4W
T128_1,777,09:00-12:00,53.09,395.43,4W
T128_1,780,09:00-12:00,53.09,395.43,4W
T128_1,781,09:00-12:00,53.09,395.43,4W
T128_1,782,09:00-12:00,53.09,395.43,4W
T128_1,783,09:00-12:00,53.09,395.43,4W
T128_1,784,09:00-12:00,53.09,395.43,4W
T128_1,785,09:00-12:00,53.09,395.43,4W
T128_1,786,09:00-12:00,53.09,395.43,4W
T128_1,790,09:00-12:00,53.09,395.43,4W
T129_1,791,09:00-12:00,43.58,347.89,4W
T129_1,794,09:00-12:00,43.58,347.89,4W
T129_1,795,09:00-12:00,43.58,347.89,4W
T129_1,796,09:00-12:00,43.58,347.89,4W
T129_1,797,09:00-12:00,43.58,347.89,4W
T129_1,798,09:00-12:00,43.58,347.89,4W
T129_1,800,09:00-12:00,43.58,347.89,4W
T129_1,801,09:00-12:00,43.58,347.89,4W
T129_1,803,09:00-12:00,43.58,347.89,4W
T129_1,805,09:00-12:00,43.58,347.89,4W
T129_1,807,09:00-12:00,43.58,347.89,4W
T129_1,808,09:00-12:00,43.58,347.89,4W
T129_1,809,09:00-12:00,43.58,347.89,4W
T130_1,810,09:00-12:00,52.34,391.71,4W
T130_1,812,09:00-12:00,52.34,391.71,4W
T130_1,813,09:00-12:00,52.34,391.71,4W
T130_1,814,09:00-12:00,52.34,391.71,4W
T130_1,815,09:00-12:00,52.34,391.71,4W
T130_1,817,09:00-12:00,52.34,391.71,4W
T130_1,818,09:00-12:00,52.34,391.71,4W
T130_1,819,09:00-12:00,52.34,391.71,4W
T130_1,821,09:00-12:00,52.34,391.71,4W
T130_1,822,09:00-12:00,52.34,391.71,4W
T130_1,823,09:00-12:00,52.34,391.71,4W
T130_1,825,09:00-12:00,52.34,391.71,4W
T130_1,827,09:00-12:00,52.34,391.71,4W
T131_1,828,09:00-12:00,50.86,384.3,4W
T131_1,829,09:00-12:00,50.86,384.3,4W
T131_1,830,09:00-12:00,50.86,384.3,4W
T131_1,831,09:00-12:00,50.86,384.3,4W
T131_1,833,09:00-12:00,50.86,384.3,4W
T131_1,834,09:00-12:00,50.86,384.3,4W
T131_1,835,09:00-12:00,50.86,384.3,4W
T131_1,836,09:00-12:00,50.86,384.3,4W
T131_1,838,09:00-12:00,50.86,384.3,4W
T131_1,842,09:00-12:00,50.86,384.3,4W
T131_1,844,09:00-12:00,50.86,384.3,4W
T131_1,845,09:00-12:00,50.86,384.3,4W
T131_1,848,09:00-12:00,50.86,384.3,4W
T132_1,854,09:00-12:00,46.21,361.04,4W
T132_1,856,09:00-12:00,46.21,361.04,4W
T132_1,857,09:00-12:00,46.21,361.04,4W
T132_1,862,09:00-12:00,46.21,361.04,4W
T132_1,863,09:00-12:00,46.21,361.04,4W
T132_1,864,09:00-12:00,46.21,361.04,4W
T132_1,866,09:00-12:00,46.21,361.04,4W
T132_1,868,09:00-12:00,46.21,361.04,4W
T132_1,870,09:00-12:00,46.21,361.04,4W
T132_1,872,09:00-12:00,46.21,361.04,4W
T132_1,873,09:00-12:00,46.21,361.04,4W
T132_1,874,09:00-12:00,46.21,361.04,4W
T132_1,876,09:00-12:00,46.21,361.04,4W
T133_1,877,09:00-12:00,49.21,376.06,4W
T133_1,878,09:00-12:00,49.21,376.06,4W
T133_1,879,09:00-12:00,49.21,376.06,4W
T133_1,880,09:00-12:00,49.21,376.06,4W
T133_1,882,09:00-12:00,49.21,376.06,4W
T133_1,888,09:00-12:00,49.21,376.06,4W
T133_1,889,09:00-12:00,49.21,376.06,4W
T133_1,890,09:00-12:00,49.21,376.06,4W
T133_1,891,09:00-12:00,49.21,376.06,4W
T133_1,893,09:00-12:00,49.21,376.06,4W
T133_1,894,09:00-12:00,49.21,376.06,4W
T133_1,899,09:00-12:00,49.21,376.06,4W
T133_1,900,09:00-12:00,49.21,376.06,4W
T134_1,902,09:00-12:00,49.51,377.57,4W
T134_1,903,09:00-12:00,49.51,377.57,4W
T134_1,904,09:00-12:00,49.51,377.57,4W
T134_1,907,09:00-12:00,49.51,377.57,4W
T134_1,908,09:00-12:00,49.51,377.57,4W
T134_1,910,09:00-12:00,49.51,377.57,4W
T134_1,911,09:00-12:00,49.51,377.57,4W
T134_1,913,09:00-12:00,49.51,377.57,4W
T134_1,914,09:00-12:00,49.51,377.57,4W
T134_1,918,09:00-12:00,49.51,377.57,4W
T134_1,919,09:00-12:00,49.51,377.57,4W
T134_1,920,09:00-12:00,49.51,377.57,4W
T134_1,921,09:00-12:00,49.51,377.57,4W
T135_1,924,09:00-12:00,40.14,330.72,4W
T135_1,926,09:00-12:00,40.14,330.72,4W
T135_1,928,09:00-12:00,40.14,330.72,4W
T135_1,930,09:00-12:00,40.14,330.72,4W
T135_1,933,09:00-12:00,40.14,330.72,4W
T135_1,934,09:00-12:00,40.14,330.72,4W
T135_1,935,09:00-12:00,40.14,330.72,4W
T135_1,936,09:00-12:00,40.14,330.72,4W
T135_1,938,09:00-12:00,40.14,330.72,4W
T135_1,940,09:00-12:00,40.14,330.72,4W
T135_1,943,09:00-12:00,40.14,330.72,4W
T135_1,944,09:00-12:00,40.14,330.72,4W
T135_1,945,09:00-12:00,40.14,330.72,4W
T136_1,946,09:00-12:00,41.33,336.67,4W
T136_1,948,09:00-12:00,41.33,336.67,4W
T136_1,949,09:00-12:00,41.33,336.67,4W
T136_1,951,09:00-12:00,41.33,336.67,4W
T136_1,952,09:00-12:00,41.33,336.67,4W
T136_1,955,09:00-12:00,41.33,336.67,4W
T136_1,956,09:00-12:00,41.33,336.67,4W
T136_1,958,09:00-12:00,41.33,336.67,4W
T136_1,963,09:00-12:00,41.33,336.67,4W
T136_1,966,09:00-12:00,41.33,336.67,4W
T136_1,971,09:00-12:00,41.33,336.67,4W
T136_1,974,09:00-12:00,41.33,336.67,4W
T136_1,975,09:00-12:00,41.33,336.67,4W
T137_1,978,09:00-12:00,39.38,326.89,4W
T137_1,979,09:00-12:00,39.38,326.89,4W
T137_1,980,09:00-12:00,39.38,326.89,4W
T137_1,981,09:00-12:00,39.38,326.89,4W
T137_1,984,09:00-12:00,39.38,326.89,4W
T137_1,988,09:00-12:00,39.38,326.89,4W
T137_1,990,09:00-12:00,39.38,326.89,4W
T137_1,994,09:00-12:00,39.38,326.89,4W
T137_1,996,09:00-12:00,39.38,326.89,4W
T137_1,997,09:00-12:00,39.38,326.89,4W
T137_1,998,09:00-12:00,39.38,326.89,4W
T137_1,999,09:00-12:00,39.38,326.89,4W
T137_1,1001,09:00-12:00,39.38,326.89,4W
T138_1,1002,09:00-12:00,50.51,382.55,4W
T138_1,1008,09:00-12:00,50.51,382.55,4W
T138_1,1009,09:00-12:00,50.51,382.55,4W
T138_1,1011,09:00-12:00,50.51,382.55,4W
T138_1,1015,09:00-12:00,50.51,382.55,4W
T138_1,1017,09:00-12:00,50.51,382.55,4W
T138_1,1022,09:00-12:00,50.51,382.55,4W
T138_1,1023,09:00-12:00,50.51,382.55,4W
T138_1,1024,09:00-12:00,50.51,382.55,4W
T138_1,1028,09:00-12:00,50.51,382.55,4W
T138_1,1029,09:00-12:00,50.51,382.55,4W
T138_1,1030,09:00-12:00,50.51,382.55,4W
T138_1,1033,09:00-12:00,50.51,382.55,4W
T139_1,1034,09:00-12:00,39.73,328.66,4W
T139_1,1035,09:00-12:00,39.73,328.66,4W
T139_1,1038,09:00-12:00,39.73,328.66,4W
T139_1,1039,09:00-12:00,39.73,328.66,4W
T139_1,1041,09:00-12:00,39.73,328.66,4W
T139_1,1042,09:00-12:00,39.73,328.66,4W
T139_1,1044,09:00-12:00,39.73,328.66,4W
T139_1,1047,09:00-12:00,39.73,328.66,4W
T139_1,1048,09:00-12:00,39.73,328.66,4W
T139_1,1049,09:00-12:00,39.73,328.66,4W
T139_1,1050,09:00-12:00,39.73,328.66,4W
T139_1,1053,09:00-12:00,39.73,328.66,4W
T139_1,1055,09:00-12:00,39.73,328.66,4W
T140_1,1056,09:00-12:00,51.15,385.73,4W
T140_1,1061,09:00-12:00,51.15,385.73,4W
T140_1,1064,09:00-12:00,51.15,385.73,4W
T140_1,1065,09:00-12:00,51.15,385.73,4W
T140_1,1067,09:00-12:00,51.15,385.73,4W
T140_1,1068,09:00-12:00,51.15,385.73,4W
T140_1,1069,09:00-12:00,51.15,385.73,4W
T140_1,1071,09:00-12:00,51.15,385.73,4W
T140_1,1074,09:00-12:00,51.15,385.73,4W
T140_1,1076,09:00-12:00,51.15,385.73,4W
T140_1,1078,09:00-12:00,51.15,385.73,4W
T140_1,1079,09:00-12:00,51.15,385.73,4W
T140_1,1081,09:00-12:00,51.15,385.73,4W
T141_1,1085,09:00-12:00,43.4,347.02,4W
T141_1,1087,09:00-12:00,43.4,347.02,4W
T141_1,1088,09:00-12:00,43.4,347.02,4W
T141_1,1091,09:00-12:00,43.4,347.02,4W
T141_1,1092,09:00-12:00,43.4,347.02,4W
T141_1,1096,09:00-12:00,43.4,347.02,4W
T141_1,1098,09:00-12:00,43.4,347.02,4W
T141_1,1100,09:00-12:00,43.4,347.02,4W
T141_1,1101,09:00-12:00,43.4,347.02,4W
T141_1,1102,09:00-12:00,43.4,347.02,4W
T141_1,1103,09:00-12:00,43.4,347.02,4W
T141_1,1104,09:00-12:00,43.4,347.02,4W
T141_1,1105,09:00-12:00,43.4,347.02,4W
T142_1,1106,09:00-12:00,44.46,352.29,4W
T142_1,1108,09:00-12:00,44.46,352.29,4W
T142_1,1109,09:00-12:00,44.46,352.29,4W
T142_1,1111,09:00-12:00,44.46,352.29,4W
T142_1,1115,09:00-12:00,44.46,352.29,4W
T142_1,1116,09:00-12:00,44.46,352.29,4W
T142_1,1119,09:00-12:00,44.46,352.29,4W
T142_1,1121,09:00-12:00,44.46,352.29,4W
T142_1,1124,09:00-12:00,44.46,352.29,4W
T142_1,1126,09:00-12:00,44.46,352.29,4W
T142_1,1127,09:00-12:00,44.46,352.29,4W
T142_1,1128,09:00-12:00,44.46,352.29,4W
T142_1,1132,09:00-12:00,44.46,352.29,4W
T143_1,1133,09:00-12:00,55.17,405.83,4W
T143_1,1134,09:00-12:00,55.17,405.83,4W
T143_1,1135,09:00-12:00,55.17,405.83,4W
T143_1,1136,09:00-12:00,55.17,405.83,4W
T143_1,1139,09:00-12:00,55.17,405.83,4W
T143_1,1140,09:00-12:00,55.17,405.83,4W
T143_1,1141,09:00-12:00,55.17,405.83,4W
T143_1,1143,09:00-12:00,55.17,405.83,4W
T143_1,1145,09:00-12:00,55.17,405.83,4W
T143_1,1148,09:00-12:00,55.17,405.83,4W
T143_1,1149,09:00-12:00,55.17,405.83,4W
T143_1,1154,09:00-12:00,55.17,405.83,4W
T143_1,1156,09:00-12:00,55.17,405.83,4W
T144_1,1157,09:00-12:00,41.12,335.6,4W
T144_1,1159,09:00-12:00,41.12,335.6,4W
T144_1,1162,09:00-12:00,41.12,335.6,4W
T144_1,1163,09:00-12:00,41.12,335.6,4W
T144_1,1164,09:00-12:00,41.12,335.6,4W
T144_1,1165,09:00-12:00,41.12,335.6,4W
T144_1,1167,09:00-12:00,41.12,335.6,4W
T144_1,1172,09:00-12:00,41.12,335.6,4W
T144_1,1173,09:00-12:00,41.12,335.6,4W
T144_1,1175,09:00-12:00,41.12,335.6,4W
T144_1,1178,09:00-12:00,41.12,335.6,4W
T144_1,1181,09:00-12:00,41.12,335.6,4W
T144_1,1183,09:00-12:00,41.12,335.6,4W
T145_1,1190,09:00-12:00,35.19,305.96,4W
T145_1,1191,09:00-12:00,35.19,305.96,4W
T145_1,1193,09:00-12:00,35.19,305.96,4W
T145_1,1194,09:00-12:00,35.19,305.96,4W
T145_1,1195,09:00-12:00,35.19,305.96,4W
T145_1,1196,09:00-12:00,35.19,305.96,4W
T145_1,1197,09:00-12:00,35.19,305.96,4W
T145_1,1198,09:00-12:00,35.19,305.96,4W
T145_1,1199,09:00-12:00,35.19,305.96,4W
T145_1,1203,09:00-12:00,35.19,305.96,4W
T145_1,1206,09:00-12:00,35.19,305.96,4W
T145_1,1207,09:00-12:00,35.19,305.96,4W
T145_1,1208,09:00-12:00,35.19,305.96,4W
T146_1,1210,09:00-12:00,39.94,329.69,4W
T146_1,1212,09:00-12:00,39.94,329.69,4W
T146_1,1214,09:00-12:00,39.94,329.69,4W
T146_1,1216,09:00-12:00,39.94,329.69,4W
T146_1,1219,09:00-12:00,39.94,329.69,4W
T146_1,1220,09:00-12:00,39.94,329.69,4W
T146_1,1225,09:00-12:00,39.94,329.69,4W
T146_1,1231,09:00-12:00,39.94,329.69,4W
T146_1,1232,09:00-12:00,39.94,329.69,4W
T146_1,1234,09:00-12:00,39.94,329.69,4W
T146_1,1235,09:00-12:00,39.94,329.69,4W
T146_1,1236,09:00-12:00,39.94,329.69,4W
T146_1,1239,09:00-12:00,39.94,329.69,4W
T147_1,1241,09:00-12:00,43.38,346.89,4W
T147_1,1243,09:00-12:00,43.38,346.89,4W
T147_1,1244,09:00-12:00,43.38,346.89,4W
T147_1,1245,09:00-12:00,43.38,346.89,4W
T147_1,1248,09:00-12:00,43.38,346.89,4W
T147_1,1251,09:00-12:00,43.38,346.89,4W
T147_1,1252,09:00-12:00,43.38,346.89,4W
T147_1,1253,09:00-12:00,43.38,346.89,4W
T147_1,1254,09:00-12:00,43.38,346.89,4W
T147_1,1257,09:00-12:00,43.38,346.89,4W
T147_1,1258,09:00-12:00,43.38,346.89,4W
T147_1,1260,09:00-12:00,43.38,346.89,4W
T147_1,1262,09:00-12:00,43.38,346.89,4W
T148_1,4,12:00-14:00,26.55,262.73,4W
T148_1,53,12:00-14:00,26.55,262.73,4W
T148_1,68,12:00-14:00,26.55,262.73,4W
T148_1,70,12:00-14:00,26.55,262.73,4W
T148_1,72,12:00-14:00,26.55,262.73,4W
T148_1,74,12:00-14:00,26.55,262.73,4W
T148_1,91,12:00-14:00,26.55,262.73,4W
T148_1,97,12:00-14:00,26.55,262.73,4W
T148_1,107,12:00-14:00,26.55,262.73,4W
T148_1,110,12:00-14:00,26.55,262.73,4W
T148_1,120,12:00-14:00,26.55,262.73,4W
T148_1,138,12:00-14:00,26.55,262.73,4W
T148_1,177,12:00-14:00,26.55,262.73,4W
T149_1,179,12:00-14:00,29.69,278.47,4W
T149_1,199,12:00-14:00,29.69,278.47,4W
T149_1,207,12:00-14:00,29.69,278.47,4W
T149_1,232,12:00-14:00,29.69,278.47,4W
T149_1,237,12:00-14:00,29.69,278.47,4W
T149_1,247,12:00-14:00,29.69,278.47,4W
T149_1,270,12:00-14:00,29.69,278.47,4W
T149_1,292,12:00-14:00,29.69,278.47,4W
T149_1,318,12:00-14:00,29.69,278.47,4W
T149_1,324,12:00-14:00,29.69,278.47,4W
T149_1,333,12:00-14:00,29.69,278.47,4W
T149_1,340,12:00-14:00,29.69,278.47,4W
T149_1,366,12:00-14:00,29.69,278.47,4W
T150_1,387,12:00-14:00,33.39,296.97,4W
T150_1,393,12:00-14:00,33.39,296.97,4W
T150_1,401,12:00-14:00,33.39,296.97,4W
T150_1,406,12:00-14:00,33.39,296.97,4W
T150_1,411,12:00-14:00,33.39,296.97,4W
T150_1,419,12:00-14:00,33.39,296.97,4W
T150_1,420,12:00-14:00,33.39,296.97,4W
T150_1,428,12:00-14:00,33.39,296.97,4W
T150_1,433,12:00-14:00,33.39,296.97,4W
T150_1,444,12:00-14:00,33.39,296.97,4W
T150_1,446,12:00-14:00,33.39,296.97,4W
T150_1,472,12:00-14:00,33.39,296.97,4W
T150_1,495,12:00-14:00,33.39,296.97,4W
T151_1,499,12:00-14:00,32.61,293.07,4W
T151_1,508,12:00-14:00,32.61,293.07,4W
T151_1,528,12:00-14:00,32.61,293.07,4W
T151_1,530,12:00-14:00,32.61,293.07,4W
T151_1,531,12:00-14:00,32.61,293.07,4W
T151_1,566,12:00-14:00,32.61,293.07,4W
T151_1,571,12:00-14:00,32.61,293.07,4W
T151_1,573,12:00-14:00,32.61,293.07,4W
T151_1,590,12:00-14:00,32.61,293.07,4W
T151_1,603,12:00-14:00,32.61,293.07,4W
T151_1,604,12:00-14:00,32.61,293.07,4W
T151_1,619,12:00-14:00,32.61,293.07,4W
T151_1,626,12:00-14:00,32.61,293.07,4W
T152_1,627,12:00-14:00,25.14,255.72,4W
T152_1,644,12:00-14:00,25.14,255.72,4W
T152_1,646,12:00-14:00,25.14,255.72,4W
T152_1,672,12:00-14:00,25.14,255.72,4W
T152_1,684,12:00-14:00,25.14,255.72,4W
T152_1,705,12:00-14:00,25.14,255.72,4W
T152_1,724,12:00-14:00,25.14,255.72,4W
T152_1,730,12:00-14:00,25.14,255.72,4W
T152_1,747,12:00-14:00,25.14,255.72,4W
T152_1,778,12:00-14:00,25.14,255.72,4W
T152_1,806,12:00-14:00,25.14,255.72,4W
T152_1,841,12:00-14:00,25.14,255.72,4W
T152_1,849,12:00-14:00,25.14,255.72,4W
T153_1,850,12:00-14:00,33.39,296.97,4W
T153_1,859,12:00-14:00,33.39,296.97,4W
T153_1,861,12:00-14:00,33.39,296.97,4W
T153_1,875,12:00-14:00,33.39,296.97,4W
T153_1,884,12:00-14:00,33.39,296.97,4W
T153_1,912,12:00-14:00,33.39,296.97,4W
T153_1,923,12:00-14:00,33.39,296.97,4W
T153_1,939,12:00-14:00,33.39,296.97,4W
T153_1,947,12:00-14:00,33.39,296.97,4W
T153_1,968,12:00-14:00,33.39,296.97,4W
T153_1,976,12:00-14:00,33.39,296.97,4W
T153_1,986,12:00-14:00,33.39,296.97,4W
T153_1,1012,12:00-14:00,33.39,296.97,4W
T154_1,1016,12:00-14:00,38.11,320.55,4W
T154_1,1052,12:00-14:00,38.11,320.55,4W
T154_1,1057,12:00-14:00,38.11,320.55,4W
T154_1,1073,12:00-14:00,38.11,320.55,4W
T154_1,1080,12:00-14:00,38.11,320.55,4W
T154_1,1082,12:00-14:00,38.11,320.55,4W
T154_1,1099,12:00-14:00,38.11,320.55,4W
T154_1,1117,12:00-14:00,38.11,320.55,4W
T154_1,1131,12:00-14:00,38.11,320.55,4W
T154_1,1160,12:00-14:00,38.11,320.55,4W
T154_1,1171,12:00-14:00,38.11,320.55,4W
T154_1,1176,12:00-14:00,38.11,320.55,4W
T154_1,1177,12:00-14:00,38.11,320.55,4W
T155_1,29,07:00-09:00,29.85,159.24,3W
T156_1,84,07:00-09:00,29.63,158.16,3W
T157_1,101,07:00-09:00,23.34,126.71,3W
T158_1,176,07:00-09:00,24.3,131.51,3W
T159_1,190,07:00-09:00,22.0,120.0,3W
T160_1,219,07:00-09:00,27.91,149.53,3W
T161_1,268,07:00-09:00,23.56,127.78,3W
T162_1,320,07:00-09:00,9.91,59.54,4W-EV
T163_1,319,07:00-09:00,38.37,201.83,4W-EV
T164_1,326,07:00-09:00,28.38,151.92,4W-EV
T165_1,323,07:00-09:00,25.71,138.54,4W-EV
T166_1,343,07:00-09:00,28.04,150.18,4W-EV
T167_1,334,07:00-09:00,26.37,141.86,4W-EV
T168_1,384,07:00-09:00,3.04,25.21,4W-EV
T169_1,382,07:00-09:00,25.16,135.8,4W-EV
T170_1,430,07:00-09:00,9.74,58.7,4W-EV
T171_1,424,07:00-09:00,29.57,157.86,4W-EV
